year,fiscalDateEnding_balance,reportedCurrency_balance,totalAssets,totalCurrentAssets,cashAndCashEquivalentsAtCarryingValue,cashAndShortTermInvestments,inventory,currentNetReceivables,totalNonCurrentAssets,propertyPlantEquipment,accumulatedDepreciationAmortizationPPE,intangibleAssets,intangibleAssetsExcludingGoodwill,goodwill,investments,longTermInvestments,shortTermInvestments,otherCurrentAssets,otherNonCurrentAssets,totalLiabilities,totalCurrentLiabilities,currentAccountsPayable,deferredRevenue,currentDebt,shortTermDebt,totalNonCurrentLiabilities,capitalLeaseObligations,longTermDebt,currentLongTermDebt,longTermDebtNoncurrent,shortLongTermDebtTotal,otherCurrentLiabilities,otherNonCurrentLiabilities,totalShareholderEquity,treasuryStock,retainedEarnings,commonStock,commonStockSharesOutstanding,fiscalDateEnding_income,reportedCurrency_income,grossProfit,totalRevenue,costOfRevenue,costofGoodsAndServicesSold,operatingIncome,sellingGeneralAndAdministrative,researchAndDevelopment,operatingExpenses,investmentIncomeNet,netInterestIncome,interestIncome,interestExpense,nonInterestIncome,otherNonOperatingIncome,depreciation,depreciationAndAmortization,incomeBeforeTax,incomeTaxExpense,interestAndDebtExpense,netIncomeFromContinuingOperations,comprehensiveIncomeNetOfTax,ebit,ebitda,netIncome,fiscalDateEnding,reportedCurrency,operatingCashflow,paymentsForOperatingActivities,proceedsFromOperatingActivities,changeInOperatingLiabilities,changeInOperatingAssets,depreciationDepletionAndAmortization,capitalExpenditures,changeInReceivables,changeInInventory,profitLoss,cashflowFromInvestment,cashflowFromFinancing,proceedsFromRepaymentsOfShortTermDebt,paymentsForRepurchaseOfCommonStock,paymentsForRepurchaseOfEquity,paymentsForRepurchaseOfPreferredStock,dividendPayout,dividendPayoutCommonStock,dividendPayoutPreferredStock,proceedsFromIssuanceOfCommonStock,proceedsFromIssuanceOfLongTermDebtAndCapitalSecuritiesNet,proceedsFromIssuanceOfPreferredStock,proceedsFromRepurchaseOfEquity,proceedsFromSaleOfTreasuryStock,changeInCashAndCashEquivalents,changeInExchangeRate,netIncome_cashflow,Current Ratio,Quick Ratio,Debt Equity Ratio,ROE,ROA,Dividend Yield,EBITDA,Adjusted Close,EPS,Revenue per Share,Book Value per Share,P/E Ratio,P/S Ratio,P/B Ratio,Company,SalesGrowth,OperatingProfitMargin,netProfitMargin,NetWorkingCapital,NetWorkingCapital/Sales,avgReceivables,DebtorDays,AvgPayables,CreditorDays,totalDebt,debtRatioToCapital,CummulativeCashflowFromOperations,CummulativeCNetProfits,Innovation %
2017,12/31/2017,USD,3421.566,2700.857,334.063,2043.039,0.0,279.473,1077.472,166.762,37.763,806.355,166.473,639.882,22.7,22.7,1708.976,44.282,81.655,429.239,362.289,71.194,,,16.033,109.283,16.033,16.033,16.033,,16.033,275.062,82.983,2992.327,,-4656.667,0.012,1222.202,12/31/2017,USD,107.487,824.949,717.462,96.3,-3485.576,2058.2,1534.863,3624.563,21.096,-3.456,21.096,3.456,1.0,4.528,,31.5,-3463.408,-18.342,3.456,-3445.066,-3428.852,-3459.952,-3428.452,-3445.066,12/31/2017,USD,-734.667,6.226,,159.976,148.911,61.288,92.625,104.357,,-3445.066,-1357.01,2265.348,,,0.0,,,0.0,,,,0.0,2669.176,,183.942,,-3445.066,6.83538769,6.83538769,0.143446555,-1.151299975,-1.0068682,0.0,-3454.076,14.61,-2.420885978,0.579700786,2.102741276,-6.034980636,25.20265689,6.948073055,Snapchat,,-422.52018003537194,-417.6095734402975,2338.568,1513.6190000000001,,,,,32.066,-0.006933805360865581,-734.667,-3445.066,1.86055501612827
2018,12/31/2018,USD,2714.106,2063.0769999999998,387.149,1279.063,0.0,354.965,1081.778,212.56,66.996,758.424,126.054,632.37,935.514,43.6,891.914,41.9,67.194,403.107,303.648,30.876,10.957,,,127.216,,,,,16.8,261.815,110.416,2310.999,,-5912.578,0.016,1317.761,12/31/2018,USD,375.487,1174.352,798.865,120.3,-1268.45,877.846,772.185,1726.186,27.228,-3.894,27.228,3.894,1178.246,-8.248,,42.6,-1253.364,2.547,3.894,-1255.911,-1266.921,-1249.47,-1206.87,-1255.911,12/31/2018,USD,-689.924,1.498,,-41.492,54.127,91.648,122.807,77.506,,-1255.911,694.454,47.437,,,0.0,,,0.0,,,,0.0,47.988,,51.967,,-1255.911,5.725929393,5.725929393,0.17442976,-0.543449391,-0.462734691,0.0,-1225.85,5.51,-0.882542549,0.825230138,1.623964555,-6.243325045,6.676925317,3.392931196,Snapchat,42.35449706587924,-108.01275937708625,-106.94502159488808,1759.4289999999996,585.0769999999995,317.219,98.59474416529285,51.035000000000004,15.86217335177187,,,-1424.591,-4700.977,0.6575413504639154
2019,12/31/2019,USD,4011.924,3164.303002,520.317,2112.805,2e-06,492.194,1422.938,173.667,112.56,853.274,92.121,761.153,1647.488,55.0,1592.488,38.987,65.55,1752.011,541.854,46.886,20.082,42.179,42.179,1252.336,345.357,891.776,,891.776,891.776,390.528,57.382,2259.913,,-6945.93,0.014,1415.796,12/31/2019,USD,839.301,1735.139,895.838,174.7,-1103.328,1039.515,883.509,1916.541,36.042,-24.994,36.042,24.994,1755.417,59.013,,33.4,-1033.267,0.393,24.994,-1033.66,-1036.234,-1008.273,-974.873,-1033.66,12/31/2019,USD,-304.958,66.3,,165.783,156.542,87.245,36.478,147.862,,-1033.66,-728.608,1165.852,,,,,,0.0,,,,,16.527,,132.286,,-1033.66,5.291411417,5.291411413,0.77525595,-0.457389289,-0.257646954,0.0,-1069.928,16.33,-0.726364314,1.219301365,1.588065858,-22.48183136,13.39291538,10.28294886,Snapchat,47.75288840143328,-63.58729761707852,-59.57217260403922,2622.4490020000003,887.3100020000004,423.5795,89.10324619526159,38.881,8.178921112371977,933.9549999999999,-0.1553494774833037,-1729.549,-5734.637,0.5091862957376903
2020,12/31/2020,USD,5024.238,3883.5930009999997,545.618,2537.54,1e-06,744.288,1855.763,178.709,134.452,1045.188,105.929,939.259,2161.422,169.5,1991.922,56.147,192.638,2694.262,377.894,71.908,27.814,,41.077,2026.935,328.369,1675.169,,1675.169,1675.169,237.095,64.474,2329.976,,-7891.542,0.014,1503.333,12/31/2020,USD,1229.708,2412.213,1182.505,324.3,-862.072,1084.632,1101.561,2219.693,18.127,-97.228,18.127,97.228,2506.626,14.988,,33.5,-926.185,18.654,97.228,-944.839,-924.049,-828.957,-795.457,-944.839,12/31/2020,USD,-167.644,85.319,,138.792,281.847,86.744,57.832,255.818,,-944.839,-729.864,922.791,,0.0,0.0,,,0.0,,,,,34.209,,25.283,,-944.839,5.002008011,5.00200801,1.156347533,-0.405514477,-0.188056179,0.0,-828.572,50.07,-0.663948815,1.695088752,1.637299903,-75.41243979,29.53827635,30.58083611,Snapchat,39.02131183726494,-35.73780590685814,-39.16897056769033,3505.699001,1093.4860009999998,618.241,93.54810914293223,59.397000000000006,8.98755831263657,1716.246,-0.2779218827577429,-1897.193,-6679.476,0.45665992182282406
2021,12/31/2021,USD,7536.306,7041.0109999999995,1993.809,3886.085,0.0,1068.873,2682.304,202.644,175.26,1866.106,277.654,1588.452,3199.076,,1892.276,92.244,291.302,3746.138,851.7860000000001,125.282,44.473,,52.396,2894.352,377.905,2253.087,,2253.087,2253.087,629.635,315.756,3790.168,0.0,-8284.466,0.016,1619.283,12/31/2021,USD,2351.604,4101.85,1750.246,679.0,-702.069,1503.404,1565.467,3132.071,5.199,-17.676,5.199,17.676,4117.048,240.175,,63.2,-474.371,13.584,59.214,-487.955,-503.797,-456.695,-393.495,-487.955,12/31/2021,USD,292.88,84.787,,176.645,370.49,119.141,69.875,332.967,,-487.955,90.227,1065.073,,0.0,0.0,,,0.0,,,,,14.671,,1448.18,,-487.955,5.698616789,5.698616789,0.988383101,-0.128742314,-0.064747238,0.0,-638.869,47.03,-0.342891375,2.882415358,2.66339297,-137.1571391,16.31617729,17.65792751,Snapchat,70.04509966574261,-17.115911113278155,-11.895973767933981,6189.224999999999,2087.374999999999,906.5805,80.67137572071138,98.595,8.773401026366152,2305.483,-0.38559888355296157,-1604.313,-7167.431,0.38164901203115664
2022,12/31/2022,USD,8029.538,6771.2680009999995,1423.121,4030.624,1e-06,1183.092,2772.891,271.777,218.593,1850.6,204.48,1646.12,5016.003,,2607.503,134.431,279.562,5448.84,1215.599,181.774,50.782,,46.485,4233.241,432.756,3742.52,,3742.52,3742.52,936.558,104.45,2580.698,500.514,-10214.657,0.015,1625.398,12/31/2022,USD,2812.067,4627.409,1815.342,681.9,-1395.306,2072.011,2109.8,4503.06,58.597,-21.459,58.597,21.459,4601.847,-42.529,,132.3,-1400.697,28.956,21.459,-1429.653,-1449.148,-1379.238,-1246.938,-1429.653,12/31/2022,USD,184.614,103.773,,123.654,161.201,202.173,129.306,119.78,,-1429.653,-1062.275,306.714,,1001.052,1001.052,,,0.0,,,,,-996.78,,,,-1429.653,4.324326525,4.324326525,2.111382269,-0.553979195,-0.178049223,0.0,-1263.006,8.95,-1.004632974,3.25173148,1.813485025,-8.908726103,2.752379787,4.935248913,Snapchat,12.812730840961994,-30.15307270224007,-30.895323927493767,5555.669000999999,928.2600009999996,1125.9825,88.81506097688795,153.528,12.109956133118988,3789.005,-0.5896699424508419,-1419.699,-8597.083999999999,0.45593549219444407
2023,12/31/2023,USD,7967.758,6769.843000999999,1780.4,3557.68,1e-06,1278.176,2991.915,410.326,264.384,1838.13,146.303,1691.827,3563.68,,1777.28,153.587,226.597,5553.646,1134.118,278.961,93.706,,49.321,4419.528,595.6,3749.4,0.0,3749.4,3749.4,712.13,123.849,2414.112,479.903,-11726.536,0.016,1694.696,12/31/2023,USD,2481.02,4595.137,2114.117,675.0,-1398.379,1979.515,1910.862,4012.277,168.394,-22.024,168.394,22.024,4617.161,-42.414,,81.1,-1294.423,28.062,22.024,-1322.485,-1301.38,-1272.399,-1191.299,-1322.485,12/31/2023,USD,246.521,107.944,,166.273,105.809,168.441,211.727,98.127,,-1322.485,570.954,-458.789,,189.394,189.394,,,0.0,,,,,-188.356,,,,-1322.485,4.387412068,4.387412067,2.300492272,-0.547814269,-0.165979564,0.0,-1317.279,16.93,-0.929324835,3.229053589,1.696423201,-18.2175267,5.243022308,9.979821069,Snapchat,-0.697409716755093,-30.43171509358698,-28.78009948343216,5635.725000999999,1040.5880009999992,1230.634,97.75147291582385,230.3675,18.29850502825052,3798.721,-0.4791646458241436,-1173.178,-9919.569,0.4158444024628646
2009,9/30/2009,USD,47501.0,33987.0,5263.0,23464.0,455.0,3361.0,23520.0,1780.0,1713.0,453.0,247.0,206.0,,10528.0,18201.0,1444.0,2011.0,15861.0,10925.0,5601.0,,,1948.0,4355.0,,,,,,3376.0,3502.0,31640.0,,23353.0,8210.0,899.8055,9/30/2009,USD,17222.0,42905.0,29832.0,25683.0,11740.0,4149.0,1333.0,5482.0,,,,326.0,,326.0,,606.0,12066.0,3831.0,,8235.0,8321.0,11740.0,12346.0,8235.0,9/30/2009,USD,10159.0,,,452.0,1787.0,703.0,1144.0,939.0,-54.0,8235.0,-17434.0,663.0,,,,,,0.0,,475.0,,,475.0,,-6612.0,,8235.0,2.742482183,2.702937598,0.501295828,0.260271808,0.173364771,0.0,12346.0,6.3551,0.544794189,2.838420725,2.09317403,11.66513911,2.238956312,3.036106845,Apple,,27.362778230975408,19.19356718331197,23062.0,-19843.0,,,,,,,10159.0,8235.0,0.031068640018645847
2010,9/30/2010,USD,75183.0,46889.0,11261.0,25620.0,1051.0,5510.0,57101.0,2174.0,2466.0,1083.0,342.0,741.0,39750.0,25391.0,14359.0,3447.0,2263.0,27392.0,24327.0,12015.0,4123.0,,2466.0,10970.0,,,,,,5723.0,5531.0,47791.0,,37169.0,10668.0,915.97005,9/30/2010,USD,25684.0,65225.0,45873.0,39541.0,18385.0,5517.0,1782.0,7299.0,,,,155.0,,155.0,,815.0,18540.0,4527.0,,14013.0,13890.0,18385.0,19200.0,14013.0,9/30/2010,USD,18595.0,,,8302.0,5576.0,69.0,2005.0,4860.0,596.0,14013.0,-13854.0,1257.0,,,,,,0.0,,912.0,,,912.0,,5998.0,,14013.0,2.011292346,1.960573304,0.573162311,0.293214204,0.18638522,0.0,19200.0,9.7275,0.927043226,4.315021368,3.161658662,10.49303821,2.254334143,3.076707842,Apple,52.02190886843026,28.18704484476811,21.484093522422384,22562.0,-42663.0,4435.5,24.82111920275968,8808.0,49.28968953622078,,,28754.0,22248.0,0.027320812571866616
2011,9/30/2011,USD,116371.0,46441.0,9815.0,25952.0,776.0,5369.0,123607.0,7777.0,3991.0,4432.0,3536.0,896.0,71755.0,55618.0,16137.0,4529.0,3556.0,39756.0,35262.0,14632.0,5777.0,,5606.0,21886.0,,,,,,9247.0,10100.0,76615.0,,62841.0,13331.0,929.277,9/30/2011,USD,43818.0,108249.0,73630.0,64431.0,33790.0,7599.0,2429.0,10028.0,519.0,0.0,,0.0,,-104.0,,1600.0,34205.0,8283.0,0.0,25922.0,26411.0,34205.0,35805.0,25922.0,9/30/2011,USD,37529.0,,,8664.0,2907.0,192.0,4260.0,1791.0,-275.0,25922.0,-40419.0,1444.0,,0.0,0.0,,,0.0,,831.0,0.0,,831.0,,-1446.0,,25922.0,1.608437612,1.5806936,0.518906219,0.338341056,0.222753091,0.0,35390.0,12.2136,1.714894349,7.161314651,5.068537557,7.122071402,1.705496909,2.409689159,Apple,65.96243771559985,31.215068961376087,23.94664153941376,11179.0,-97070.0,5439.5,18.341208694768543,13323.5,44.92491847499746,,,66283.0,48170.0,0.022439006364954873
2012,9/30/2012,USD,176064.0,58054.0,10746.0,29129.0,791.0,10930.0,213533.0,15452.0,6435.0,5359.0,4224.0,1135.0,110505.0,92122.0,18383.0,6458.0,5478.0,57854.0,47500.0,21175.0,8601.0,,6310.0,35976.0,,0.0,,,,11414.0,16664.0,118210.0,,101289.0,16422.0,939.208,9/30/2012,USD,68662.0,156508.0,100486.0,87846.0,55241.0,10040.0,3381.0,13421.0,1088.0,0.0,,0.0,,-566.0,,2600.0,55763.0,14030.0,0.0,41733.0,41789.0,55763.0,58363.0,41733.0,9/30/2012,USD,50856.0,0.0,,9843.0,10142.0,605.0,8295.0,6965.0,15.0,41733.0,-48227.0,-1698.0,0.0,0.0,0.0,,2488.0,2488.0,,665.0,0.0,,665.0,,931.0,,41733.0,1.495848685,1.475325619,0.489417139,0.353041198,0.237033124,0.15150408,57841.0,16.1938,2.76088596,10.35393429,7.820293997,5.865436035,1.564023833,2.070740564,Apple,44.581474193756975,35.295959311984056,26.665090602397324,10554.0,-145954.0,8149.5,19.00584954123751,17903.5,41.75363240217752,6310.0,0.05087848025737577,117139.0,89903.0,0.02160272957292918
2013,9/30/2013,USD,207000.0,76553.0,14259.0,40546.0,1764.0,13102.0,239929.0,16597.0,11922.0,5756.0,4179.0,1577.0,146761.0,106215.0,26287.0,6882.0,5146.0,83451.0,46283.0,22367.0,10060.0,,0.0,39322.0,,16960.0,,15900.0,16960.0,13856.0,20208.0,123549.0,,104256.0,19764.0,899.213,9/30/2013,USD,64304.0,170774.0,123236.0,106606.0,48999.0,10830.0,4475.0,15305.0,1616.0,-136.0,,136.0,,-324.0,,5800.0,50155.0,13118.0,136.0,37037.0,36067.0,50291.0,56091.0,37037.0,9/30/2013,USD,53666.0,0.0,,8320.0,1842.0,960.0,8165.0,1949.0,973.0,37037.0,-33774.0,-16379.0,0.0,22860.0,22860.0,,10528.0,10564.0,,530.0,16896.0,,-22330.0,,3513.0,,37037.0,1.678638508,1.638233543,0.675448607,0.299775797,0.178922705,0.534507185,54799.0,17.4991,2.450217653,11.29771497,8.173500576,7.141855328,1.548906132,2.140955376,Apple,9.115188999923319,28.69230679143195,21.687727640038883,30270.0,-140504.0,12016.0,25.682129598182392,21771.0,46.53176127513556,16960.0,0.12030075187969924,170805.0,126940.0,0.026204223125300106
2014,9/30/2014,USD,231839.0,78057.0,13844.0,25077.0,2111.0,27219.0,293470.0,20624.0,18391.0,8758.0,4142.0,4616.0,155239.0,130162.0,11233.0,9806.0,3764.0,120292.0,72787.0,30196.0,11522.0,6308.0,6308.0,52683.0,,28987.0,0.0,28987.0,35295.0,18453.0,24826.0,111547.0,,87152.0,23313.0,5866.161,9/30/2014,USD,70537.0,182411.0,131151.0,112258.0,52503.0,11993.0,6041.0,18034.0,1795.0,-384.0,,384.0,,-431.0,,6900.0,53483.0,13973.0,384.0,39510.0,41063.0,53867.0,60767.0,39510.0,9/30/2014,USD,109133.0,339.0,,13408.0,6361.0,1100.0,9571.0,6452.0,76.0,39510.0,-22579.0,-37549.0,6306.0,45000.0,45000.0,,11031.0,11126.0,,730.0,11960.0,,-44270.0,,-415.0,,39510.0,1.080112848,1.046841508,1.078397447,0.354200472,0.17041999,0.477244456,59403.0,24.6068,2.6138213,12.06757168,7.37949695,9.414109528,2.039084635,3.334482034,Apple,6.81426915104173,28.782803668638408,21.659877967885706,5270.0,-177141.0,20160.5,40.34067298573002,26281.5,52.58864596981542,35295.0,0.24214462129527992,279938.0,166450.0,0.0331175203249804
2015,9/30/2015,USD,290345.0,110498.0,21120.0,41601.0,2349.0,30343.0,365166.0,22471.0,26786.0,9009.0,3893.0,5116.0,205666.0,164065.0,20481.0,15085.0,5422.0,170990.0,92733.0,35490.0,12564.0,10999.0,8499.0,123941.0,,57400.0,2500.0,53329.0,119787.0,25181.0,33427.0,119355.0,,92284.0,27416.0,5578.753,9/30/2015,USD,93626.0,232982.0,163618.0,140089.0,71230.0,14329.0,8067.0,22396.0,2921.0,-733.0,,733.0,,-903.0,,9200.0,72515.0,19121.0,733.0,53394.0,51967.0,73248.0,82448.0,53394.0,9/30/2015,USD,81266.0,514.0,,15188.0,-194.0,9200.0,11488.0,-611.0,238.0,53394.0,-56274.0,-17716.0,4382.0,35253.0,35253.0,,11561.0,11561.0,,543.0,27114.0,,-34710.0,,7276.0,,53394.0,1.108770624,1.079630319,1.432616983,0.447354531,0.183898466,0.421688065,80430.0,23.8642,3.532330409,15.41314386,7.896042552,6.755936516,1.548301905,3.022298809,Apple,27.723657016298354,30.573177327003805,22.917650290580386,17765.0,-215217.0,28781.0,45.08959919650445,32843.0,51.45330969774489,65899.0,0.3550611802865317,361204.0,219844.0,0.034624992488690116
2016,9/30/2016,USD,321686.0,127353.0,20484.0,67155.0,2132.0,29299.0,385247.0,27010.0,34235.0,8620.0,3206.0,5414.0,237585.0,170430.0,46671.0,8283.0,8757.0,193437.0,90031.0,37294.0,11010.0,11600.0,8100.0,150505.0,,85200.0,3500.0,75427.0,164694.0,22027.0,36074.0,128249.0,,96364.0,31251.0,5336.166,9/30/2016,USD,84263.0,215639.0,131376.0,131376.0,60024.0,14194.0,10045.0,24239.0,3999.0,-1456.0,3999.0,1456.0,,-1195.0,8300.0,8300.0,61372.0,15685.0,1456.0,45687.0,46666.0,62828.0,71128.0,45687.0,9/30/2016,USD,66231.0,1316.0,,-1867.0,-2351.0,10505.0,13548.0,-1044.0,-217.0,45687.0,-45977.0,-20890.0,-794.0,29722.0,29722.0,,12150.0,11965.0,,495.0,24954.0,,-29227.0,,-636.0,,45687.0,1.352669418,1.325684125,1.508292462,0.356236696,0.142023588,0.382867748,68324.0,26.8426,3.022466558,14.26580135,8.484433507,8.881024648,1.88160478,3.163746876,Apple,-7.443922706475181,27.835410106706114,21.1867983064288,37322.0,-178317.0,29821.0,50.47632849345433,36392.0,61.59869040386943,93300.0,0.42233438200212753,427435.0,265531.0,0.046582482760539605
2017,9/30/2017,USD,375319.0,148934.0,20289.0,74181.0,4855.0,35673.0,246674.0,33783.0,41293.0,8015.0,2298.0,5717.0,268895.0,194714.0,53892.0,13936.0,18177.0,241272.0,115627.0,44242.0,10384.0,18473.0,11977.0,140458.0,,112596.0,6496.0,97207.0,219794.0,30551.0,40415.0,134047.0,,98330.0,35867.0,5126.201,9/30/2017,USD,88186.0,229234.0,141048.0,141048.0,61344.0,15261.0,11581.0,26842.0,5201.0,-2323.0,5201.0,2323.0,229234.0,-133.0,8200.0,1200.0,64089.0,15738.0,2323.0,48351.0,47567.0,66412.0,67612.0,48351.0,9/30/2017,USD,64225.0,2092.0,,8838.0,14388.0,10157.0,12795.0,6347.0,2723.0,48351.0,-46446.0,-17974.0,7704.0,32900.0,32900.0,,12769.0,12563.0,,555.0,28662.0,,-32345.0,,-195.0,,48351.0,1.276062848,1.227904854,1.799906003,0.360701843,0.128826412,0.350266261,62544.0,39.8547,3.19870599,15.16519139,8.868005663,12.45963215,2.62803805,4.494212286,Apple,6.304518199398057,26.76042820872994,21.09242084507534,33307.0,-195927.0,32486.0,51.72614010138113,40768.0,64.91323276651806,124573.0,0.4814043358967423,491660.0,313882.0,0.05052042890670668
2018,9/30/2018,USD,365725.0,116864.0,25913.0,25913.0,3956.0,48995.0,234386.0,41304.0,49099.0,,,,448287.0,170799.0,40388.0,12087.0,22283.0,258578.0,136693.0,55888.0,14766.0,20748.0,11964.0,142649.0,,111984.0,8784.0,93735.0,220132.0,33327.0,48914.0,107147.0,,70400.0,40201.0,4754.986,9/30/2018,USD,101839.0,265595.0,163756.0,163756.0,70898.0,16705.0,14236.0,30941.0,5686.0,-3240.0,5686.0,3240.0,265595.0,-441.0,9300.0,9300.0,72903.0,13372.0,3240.0,59531.0,56505.0,76143.0,81801.0,59531.0,9/30/2018,USD,77434.0,3022.0,,47665.0,12927.0,10903.0,13313.0,13332.0,-828.0,59531.0,16066.0,-87876.0,-74.0,72738.0,72738.0,,13712.0,13712.0,,669.0,6969.0,,-72069.0,,5624.0,,59531.0,1.132926188,1.098801853,2.413301352,0.555601183,0.162775309,0.341086043,80198.0,37.706,3.93832943,17.57068762,7.088410802,9.574110208,2.145960409,5.319386962,Apple,15.861957650261305,26.694026619477025,22.414202074587248,-19829.0,-285424.0,42334.0,58.17846721512077,50065.0,68.80297068845422,123948.0,0.5284524768811634,569094.0,373413.0,0.05360040663416103
2019,9/30/2019,USD,338516.0,211663.0,48844.0,100557.0,4106.0,45804.0,175697.0,37378.0,58579.0,,,,362952.0,105341.0,51713.0,12352.0,32978.0,248028.0,119798.0,46236.0,13622.0,16240.0,5980.0,142310.0,,117760.0,10260.0,91807.0,209135.0,37720.0,50503.0,90488.0,,45898.0,45174.0,4443.236,9/30/2019,USD,98392.0,256598.0,180027.0,161782.0,63930.0,18245.0,16217.0,34462.0,4961.0,-3576.0,4961.0,3576.0,260174.0,422.0,11300.0,11300.0,65737.0,10481.0,3576.0,55256.0,58037.0,69313.0,76477.0,55256.0,9/30/2019,USD,69391.0,3423.0,,-7248.0,-3760.0,12547.0,10495.0,-3176.0,289.0,55256.0,45896.0,-90976.0,-11954.0,66897.0,66897.0,,14119.0,14119.0,,781.0,6963.0,,-66116.0,,24311.0,,55256.0,1.540125617,1.501286441,2.741004332,0.610644505,0.163230098,0.31254704,75230.0,71.2518,3.655512775,16.97548261,5.986318951,19.49160197,4.197335749,11.90243964,Apple,-3.3874884692859375,24.914457634120296,21.534072751931035,91865.0,-164733.0,47399.5,67.42382052860896,51062.0,72.63357469660714,123740.0,0.5760385825745303,638485.0,428669.0,0.06320002494173765
2020,9/30/2020,USD,323888.0,181729.0,38016.0,90943.0,4061.0,37445.0,180175.0,36766.0,66760.0,,,,345644.0,100887.0,52927.0,11264.0,42522.0,258549.0,120612.0,42296.0,16843.0,13793.0,4996.0,153157.0,637.0,125873.0,8773.0,98667.0,216860.0,42684.0,54490.0,65339.0,,14966.0,50779.0,16976.763,9/30/2020,USD,104956.0,271642.0,189475.0,169559.0,66288.0,19916.0,18752.0,38668.0,3763.0,-2873.0,3763.0,2873.0,274515.0,-87.0,9700.0,11056.0,67091.0,9680.0,2873.0,57411.0,57453.0,69964.0,77344.0,57411.0,9/30/2020,USD,80674.0,4502.0,,6935.0,1245.0,11056.0,7309.0,-8470.0,127.0,57411.0,-4289.0,-86820.0,-1926.0,72358.0,72358.0,,14081.0,14081.0,,880.0,16091.0,,-71478.0,,-10435.0,,57411.0,1.363604448,1.325072112,3.95703944,0.878663585,0.177255718,0.277299671,77344.0,129.8986,3.798078831,17.97073261,4.322563146,34.2011332,7.228341928,30.05129031,Apple,5.862867208629852,24.40270650341258,21.134802423778357,61117.0,-210525.0,41624.5,55.93002002635822,44266.0,59.47935149939994,130869.0,0.6656138423510025,719159.0,486080.0,0.06903203481052267
2021,9/30/2021,USD,351002.0,169776.0,34940.0,62639.0,6580.0,51506.0,216166.0,39440.0,70283.0,,,,318994.0,127877.0,27699.0,14111.0,48849.0,287912.0,143460.0,54763.0,19512.0,15692.0,6000.0,162431.0,769.0,118700.0,9613.0,109106.0,241783.0,47493.0,53325.0,63090.0,,5562.0,57365.0,16426.786,9/30/2021,USD,152836.0,363172.0,234954.0,212981.0,108949.0,21973.0,21914.0,43887.0,2843.0,-2645.0,2843.0,2645.0,365817.0,60.0,9500.0,11284.0,109207.0,14527.0,2645.0,94680.0,95249.0,111852.0,120233.0,94680.0,9/30/2021,USD,104038.0,4087.0,,19801.0,24712.0,11284.0,11085.0,14028.0,2642.0,94680.0,-14545.0,-93353.0,2044.0,85971.0,85971.0,,14467.0,14467.0,,1105.0,20393.0,,-84866.0,,-3860.0,,94680.0,1.07455312,1.022114902,4.563512443,1.500713267,0.269742053,0.252192103,120233.0,174.9056,6.263644663,24.02598605,4.173778431,27.92393397,7.279851058,41.90581817,Apple,33.69508397081453,29.99928408577754,26.070291762580815,26316.0,-336856.0,44475.5,44.699364213100125,48529.5,48.77376972894386,124700.0,0.6646164997574976,823197.0,580760.0,0.06034055488859273
2022,9/30/2022,USD,352755.0,159051.0,23646.0,48304.0,4946.0,60932.0,217350.0,42117.0,72340.0,,,,292870.0,120805.0,24658.0,21223.0,54428.0,302083.0,176493.0,64115.0,20312.0,21239.0,9982.0,148101.0,812.0,110087.0,11128.0,98959.0,233256.0,60845.0,49142.0,50672.0,,-3068.0,64849.0,15943.425,9/30/2022,USD,170782.0,391397.0,248640.0,223546.0,119437.0,25094.0,26251.0,51345.0,2825.0,-2931.0,106.0,2931.0,394328.0,-228.0,8700.0,11104.0,119103.0,19300.0,2931.0,99803.0,88531.0,122034.0,130541.0,99803.0,9/30/2022,USD,122151.0,4665.0,,15558.0,14358.0,11104.0,10708.0,9343.0,-1484.0,99803.0,-22354.0,-110749.0,7910.0,89402.0,89402.0,,14841.0,14841.0,,,5465.0,,-89402.0,,-10952.0,,99803.0,0.879356029,0.847235391,5.961536943,1.969588728,0.282924409,0.228854724,130541.0,128.7233,6.602561558,25.89323754,3.352253933,19.49596363,4.971309586,38.3990302,Apple,7.771799588073969,30.51556348158008,25.49917347348089,-17442.0,-408839.0,56219.0,52.42742024082965,59439.0,55.43025368104507,120069.0,0.6602639538080836,945348.0,680563.0,0.06707000820139143
2023,9/30/2023,USD,352583.0,173531.0,29965.0,61555.0,6331.0,60985.0,209017.0,43715.0,70884.0,,,,264965.0,100544.0,31590.0,14695.0,64758.0,290437.0,163558.0,62611.0,20161.0,15972.0,5985.0,145129.0,859.0,105103.0,9822.0,95281.0,111088.0,58829.0,49848.0,62146.0,,-214.0,73812.0,15550.061,9/30/2023,USD,169148.0,379352.0,239069.0,214137.0,114301.0,24932.0,29915.0,54847.0,3750.0,-3933.0,3750.0,3933.0,383285.0,-382.0,8500.0,11519.0,113736.0,16741.0,3933.0,96995.0,96652.0,117669.0,125820.0,96995.0,9/30/2023,USD,110543.0,5703.0,,1142.0,7719.0,11519.0,10959.0,417.0,1618.0,96995.0,3705.0,-108488.0,-7956.0,77550.0,77550.0,,15025.0,15025.0,,,5228.0,,-77550.0,,5760.0,,96995.0,0.988011672,0.94444215,4.673462492,1.560760145,0.275098346,0.203557687,125820.0,191.8029,6.416795671,25.09638921,4.111327221,29.8907601,7.642649243,46.65230708,Apple,-3.0774379977363098,30.130591113266835,25.568601193614377,9973.0,-369379.0,60958.5,58.652260960796305,63363.0,60.96579166578797,111088.0,0.6014965942193777,1055891.0,777558.0,0.07885815812227166
2024,9/30/2024,USD,364980.0,182930.0,29943.0,65171.0,7286.0,66243.0,211993.0,45680.0,73448.0,,,,254763.0,91479.0,35228.0,14287.0,74834.0,308030.0,199303.0,68960.0,21049.0,21023.0,9967.0,131638.0,752.0,96662.0,10912.0,85750.0,106629.0,78304.0,45888.0,56950.0,,-19154.0,83276.0,15116.786,9/30/2024,USD,180683.0,391035.0,236449.0,210352.0,123216.0,26097.0,31370.0,57467.0,,,,,391035.0,,8200.0,11445.0,123485.0,29749.0,,93736.0,98016.0,123216.0,134661.0,93736.0,9/30/2024,USD,118254.0,1900.0,,21572.0,17921.0,11445.0,9447.0,5144.0,1046.0,93736.0,2935.0,-121983.0,7920.0,94949.0,94949.0,,15234.0,15234.0,,,0.0,,-94949.0,,,,93736.0,0.867312577,0.826006848,5.408779631,1.645935031,0.256825032,0.182933858,134661.0,222.72,6.201193453,25.86928909,3.767580942,35.91566715,8.609436434,59.11485471,Apple,3.0797254265167995,31.510222870075566,23.971255769943866,-16373.0,-407408.0,63614.0,59.37859782372422,65785.5,61.40551996624343,106629.0,0.6244707205228667,1174145.0,871294.0,0.08022299794136074
2015,12/31/2015,USD,147461.0,106704.0,16549.0,73066.0,491.0,13459.0,57347.0,29016.0,11130.0,19716.0,3847.0,15869.0,65462.0,9383.0,56517.0,3139.0,,27130.0,21461.0,1931.0,939.0,3225.0,2000.0,7820.0,,3225.0,1225.0,1995.0,5225.0,13366.0,1822.0,120331.0,,89223.0,32982.0,687.348,12/31/2015,USD,46825.0,74989.0,28164.0,28164.0,19360.0,15183.0,12282.0,27465.0,,-104.0,35.0,104.0,-422.0,152.0,,5063.0,19651.0,3303.0,104.0,16348.0,14447.0,19755.0,24423.0,16348.0,12/31/2015,USD,26572.0,3982.0,,1843.0,2094.0,5063.0,9915.0,2094.0,1618.0,16121.0,-23711.0,-4225.0,,1780.0,1780.0,,47.0,0.0,,,,,-1387.0,,-1798.0,-434.0,16348.0,4.666701191,4.641273951,0.225461436,0.13585859,0.110863211,0.0,24423.0,38.8039,2.797877802,12.83398939,20.59404416,13.86904745,3.023525953,1.884229232,Google,,25.817119844243823,21.800530744509196,85243.0,10254.0,,,,,5225.0,0.04100290355489288,26572.0,16348.0,0.16378402165650963
2016,12/31/2016,USD,167497.0,118326.0,12918.0,86333.0,268.0,14232.0,62089.0,34234.0,13293.0,19775.0,3307.0,16468.0,84085.0,10578.0,73415.0,4575.0,1819.0,28461.0,16404.0,2041.0,1301.0,0.0,0.0,11705.0,,4000.0,3935.0,3935.0,4000.0,13062.0,2665.0,139036.0,,105131.0,36307.0,691.293,12/31/2016,USD,55134.0,90272.0,35138.0,35138.0,23716.0,17470.0,13948.0,31418.0,,-124.0,1220.0,124.0,-475.0,88.0,,0.022816,24150.0,4672.0,124.0,19478.0,18950.0,24274.0,29860.0,19478.0,12/31/2016,USD,36036.0,84.0,,1848.0,2578.0,6144.0,10212.0,2578.0,2420.0,19276.0,-31165.0,-8332.0,,3693.0,3693.0,,0.0,0.0,,,,,-3395.0,,-3631.0,-170.0,19478.0,6.290761518,6.274767248,0.204702379,0.140093213,0.11628865,0.0,23716.022816,39.5241,3.333561527,15.44959781,23.79531063,11.85641833,2.558260771,1.661003742,Google,20.380322447292265,26.271712158808935,21.57701169797944,101922.0,11650.0,13845.5,55.98200438674229,1986.0,8.030064693371145,4000.0,0.027503128480864697,62608.0,35826.0,0.1545108117688763
2017,12/31/2017,USD,197295.0,135023.0,10715.0,101871.0,749.0,18705.0,72987.0,42383.0,17264.0,19439.0,2692.0,16747.0,104357.0,13713.0,91156.0,2983.0,2672.0,44793.0,7783.0,3137.0,1772.0,0.0,0.0,20180.0,26.0,4026.0,3969.0,3943.0,4026.0,2874.0,3059.0,152502.0,,113247.0,40247.0,694.783,12/31/2017,USD,65272.0,110855.0,45583.0,45583.0,26178.0,19765.0,16625.0,36390.0,,-109.0,1312.0,109.0,-121.0,158.0,,0.052516,27193.0,14531.0,109.0,12506.0,14072.0,27302.0,38533.0,12662.0,12/31/2017,USD,37091.0,84.0,,6012.0,5932.0,6915.0,13184.0,3768.0,3682.0,12506.0,-31401.0,-8298.0,,4846.0,4846.0,,0.0,0.0,,,,,-4846.0,,-2203.0,405.0,12662.0,5.140305173,5.109333003,0.293720738,0.083028419,0.064178008,0.0,26178.052516,52.5392,2.167037481,18.97227452,26.09994866,24.24471218,2.769262059,2.013000129,Google,22.801090038993266,23.614631726128728,11.28140363537955,127240.0,16385.0,16468.5,54.22400884037707,2589.0,8.524514004781022,4026.0,0.025558659217877096,99699.0,48488.0,0.14997068242298497
2018,12/31/2018,USD,232792.0,152377.0,16701.0,109140.0,1107.0,21193.0,97116.0,59719.0,22788.0,20108.0,2220.0,17888.0,199328.0,15159.0,92439.0,4236.0,2693.0,55164.0,34947.0,4378.0,2180.0,,0.0,19280.0,62.0,4062.0,,3950.0,4062.0,28389.0,3545.0,177628.0,,134885.0,45049.0,695.556,12/31/2018,USD,77270.0,136819.0,59549.0,59549.0,27524.0,24459.0,21419.0,45878.0,,-114.0,1878.0,114.0,139387.0,378.0,,0.161141,34913.0,4177.0,114.0,30736.0,29520.0,35027.0,45498.0,30736.0,12/31/2018,USD,47971.0,69.0,,10052.0,3376.0,9035.0,25139.0,2169.0,7890.0,30736.0,-28504.0,-13179.0,,9075.0,9075.0,,,0.0,,,,,-9075.0,,5986.0,-302.0,30736.0,3.919006355,3.887030618,0.310559146,0.173035783,0.132032029,0.0,27524.161141,52.1183,5.260311484,23.41588225,30.40013692,9.907835336,2.225767086,1.714410042,Google,23.421586757475986,20.117089000796675,22.464716157843576,117430.0,-19389.0,19949.0,53.21910699537345,3757.5,10.024101184776967,4062.0,0.022076566881888738,147670.0,79224.0,0.15654989438601363
2019,12/31/2019,USD,275909.0,171076.0,18498.0,119675.0,999.0,27492.0,123331.0,73646.0,30561.0,22603.0,1979.0,20624.0,119195.0,14378.0,101177.0,4412.0,2342.0,74467.0,45579.0,5561.0,2266.0,1199.0,0.0,19032.0,685.0,4685.0,0.0,3958.0,4685.0,36553.0,2534.0,201442.0,,152122.0,50552.0,688.335,12/31/2019,USD,89961.0,161857.0,71896.0,71896.0,34231.0,28015.0,26018.0,54033.0,,-100.0,2427.0,100.0,162263.0,102.0,,0.17186,39625.0,5282.0,100.0,34343.0,35447.0,39725.0,49406.0,34343.0,12/31/2019,USD,54520.0,1661.0,,7635.0,4961.0,11781.0,23548.0,4340.0,7822.0,34343.0,-29491.0,-23209.0,,18396.0,18396.0,,,0.0,,,,,-18396.0,,1820.0,,34343.0,3.374051879,3.351960372,0.369669682,0.170485797,0.124472199,0.0,34231.17186,66.8032,5.877631354,27.70100976,34.47578299,11.36566688,2.41157996,1.937684781,Google,18.300089899794614,21.14891540063142,21.21811228430034,125497.0,-36360.0,24342.5,54.89421217494455,4969.5,11.20660521324379,4685.0,0.02259366605741733,202190.0,113567.0,0.16074683208016954
2020,12/31/2020,USD,319616.0,200761.0,26465.0,136694.0,728.0,31384.0,146720.0,84749.0,41713.0,22620.0,1445.0,21175.0,138984.0,22103.0,110229.0,5490.0,3953.0,97072.0,56721.0,5589.0,3024.0,1100.0,0.0,40238.0,1100.0,15319.0,999.0,14000.0,15319.0,47008.0,2269.0,222544.0,,163401.0,58510.0,675.222,12/31/2020,USD,97795.0,182527.0,84732.0,84732.0,41224.0,28998.0,27573.0,56571.0,,-135.0,1865.0,135.0,994.0,-637.0,,13697.0,48082.0,7813.0,135.0,40269.0,42134.0,48217.0,55941.0,40269.0,12/31/2020,USD,65124.0,2004.0,,6833.0,7854.0,13697.0,22281.0,6524.0,5813.0,40269.0,-32773.0,-24408.0,,31149.0,31149.0,,,0.0,,,,,-31149.0,,7943.0,,40269.0,3.066755815,3.053946581,0.436192393,0.180948487,0.125991815,0.0,54921.0,87.4144,6.891836385,31.23857607,38.08728393,12.68376019,2.798283756,2.295107211,Google,12.770532012826141,22.585151785763202,22.061941520980458,144040.0,-38487.0,29438.0,58.86729086655673,5575.0,11.148350654971592,15319.0,0.06457446360072504,267314.0,153836.0,0.15106258252203783
2021,12/31/2021,USD,359268.0,210054.0,20945.0,139649.0,1170.0,40270.0,172625.0,97599.0,49414.0,24373.0,1417.0,22956.0,152164.0,31049.0,118704.0,8020.0,5361.0,107633.0,62713.0,6037.0,3823.0,113.0,0.0,43379.0,1973.0,15440.0,0.0,12400.0,15440.0,52740.0,2205.0,251635.0,,191484.0,61774.0,662.121,12/31/2021,USD,146698.0,257637.0,110939.0,110939.0,78714.0,36422.0,31562.0,67984.0,,-346.0,1499.0,346.0,1087.0,411.0,,12441.0,90734.0,14701.0,346.0,76033.0,73777.0,91080.0,91491.0,76033.0,12/31/2021,USD,91652.0,2489.0,,8361.0,10941.0,12441.0,24640.0,9095.0,7140.0,76033.0,-35523.0,-61362.0,,50274.0,50274.0,,,0.0,,,,,-50274.0,,-5233.0,,76033.0,2.928113425,2.909904442,0.427734616,0.3021559,0.211633098,0.0,91155.0,144.4923,13.01266473,44.093274,43.06606195,11.10397471,3.276969181,3.355131476,Google,41.15007642704916,30.55228868524319,29.511677282377917,147341.0,-110296.0,35827.0,50.756898271599184,5813.0,8.23540485256388,15440.0,0.057462281073919416,358966.0,229869.0,0.12250569599863374
2022,12/31/2022,USD,365264.0,189344.0,21879.0,113762.0,2670.0,40258.0,202772.0,112668.0,59042.0,31044.0,2084.0,28960.0,212885.0,32795.0,91883.0,10775.0,8707.0,109120.0,67720.0,5128.0,4507.0,298.0,0.0,39820.0,1844.0,15312.0,0.0,9900.0,15312.0,57787.0,2247.0,256144.0,,195563.0,68184.0,12849.0,12/31/2022,USD,155076.0,281279.0,126203.0,126203.0,74842.0,42291.0,39500.0,81791.0,,-357.0,2174.0,357.0,281636.0,381.0,13475.0,13475.0,71328.0,11356.0,357.0,59972.0,53992.0,71685.0,91333.0,59972.0,12/31/2022,USD,91495.0,2722.0,,4989.0,7363.0,13475.0,31485.0,2317.0,,59972.0,-20298.0,-69757.0,,59296.0,59296.0,,,0.0,,,,,-59296.0,,1440.0,,59972.0,2.377994228,2.339466089,0.426010369,0.234133925,0.164188094,0.0,88317.0,88.0109,10.26390553,48.13948314,43.83775458,8.574796383,1.828247714,2.00765073,Google,9.176476981178938,26.607745334703264,21.321179327287144,121624.0,-159655.0,40264.0,52.24833706035644,5582.5,7.24409749750248,15312.0,0.05487011707201703,450461.0,289841.0,0.14042996455476592
2023,12/31/2023,USD,402392.0,195578.0,24048.0,110916.0,0.0,47964.0,233962.0,134345.0,67458.0,29198.0,,29198.0,203704.0,34108.0,86868.0,12650.0,10051.0,119013.0,81297.0,7493.0,5048.0,1363.0,0.0,37199.0,1383.0,14862.0,1000.0,10300.0,14862.0,67393.0,1616.0,283379.0,,211247.0,76534.0,12460.0,12/31/2023,USD,172227.0,305559.0,133332.0,133332.0,84293.0,44342.0,45427.0,93702.0,,-308.0,3414.0,308.0,305867.0,299.0,11946.0,11946.0,85717.0,11922.0,308.0,73795.0,76996.0,86025.0,100032.0,73795.0,12/31/2023,USD,101746.0,3173.0,,5126.0,9976.0,11946.0,32251.0,7833.0,2276.0,73795.0,-27063.0,-72093.0,,61504.0,61504.0,,,0.0,,,,,-61504.0,,,,73795.0,2.096584937,2.096584937,0.419978192,0.260410969,0.183390823,0.0,96239.0,139.3431,12.62964231,52.29488277,48.49888756,11.0330203,2.664564727,2.873119509,Google,8.631998833898024,27.586489025032808,24.1508186634987,114281.0,-191278.0,44111.0,52.69200056290275,6310.5,7.538094116029964,14862.0,0.04910736412208443,552207.0,363636.0,0.14866850591866054
2010,6/30/2010,USD,86113.0,58997.0,5505.0,36788.0,740.0,13014.0,30437.0,7630.0,8629.0,12394.0,1158.0,12394.0,45068.0,7754.0,31283.0,2950.0,1501.0,39938.0,23786.0,4025.0,14830.0,1000.0,1000.0,14027.0,,4900.0,,4939.0,5900.0,2931.0,7445.0,46175.0,,-16681.0,62856.0,8668.0,6/30/2010,USD,50089.0,62484.0,12395.0,12395.0,24098.0,17218.0,8714.0,26989.0,843.0,-151.0,,151.0,-139.0,14.0,1800.0,707.0,25013.0,6253.0,151.0,18760.0,18846.0,25164.0,25871.0,18760.0,6/30/2010,USD,24073.0,145.0,,-1502.0,2238.0,2507.0,1977.0,2238.0,44.0,18760.0,-11314.0,-13291.0,-991.0,11269.0,11269.0,,4578.0,4578.0,,2311.0,,,-7158.0,,-571.0,-39.0,18760.0,2.129345623,2.101044097,0.864926909,0.406280455,0.217853286,0.072833142,24805.0,21.4915,2.523241801,8.404170612,6.21059116,8.517415966,2.55724223,3.460459632,Microsoft,,38.566673068305484,30.023686063632287,35211.0,-27273.0,,,,,5900.0,0.11329812770043207,24073.0,18760.0,0.139459701683631
2011,6/30/2011,USD,108704.0,82061.0,9610.0,52772.0,1372.0,14987.0,33786.0,8162.0,9829.0,13325.0,744.0,12581.0,107332.0,10865.0,43162.0,3320.0,1434.0,51621.0,24809.0,4197.0,17120.0,0.0,0.0,30919.0,,11900.0,0.0,11921.0,11900.0,3492.0,8072.0,57083.0,,-6332.0,63415.0,8376.0,6/30/2011,USD,54366.0,69943.0,15577.0,15577.0,27161.0,18162.0,9043.0,27205.0,900.0,-295.0,,295.0,-103.0,-31.0,2000.0,537.0,28071.0,4921.0,295.0,23150.0,23958.0,28366.0,28903.0,23150.0,6/30/2011,USD,26994.0,197.0,,32459.0,3209.0,2000.0,2355.0,1451.0,561.0,23150.0,-14616.0,-8376.0,-1186.0,11555.0,11555.0,,5180.0,5180.0,,2422.0,,,-9133.0,,4105.0,103.0,23150.0,2.60366998,2.555988045,0.90431477,0.405549813,0.212963644,0.081684144,27698.0,20.5199,3.113701902,9.40741478,7.677729836,6.59019413,2.181247503,2.672652,Microsoft,11.937455988733126,38.83304976909769,33.09838010951775,57252.0,-12691.0,14000.5,73.06210056760506,4111.0,21.453397766752925,11900.0,0.17250626966064103,51067.0,41910.0,0.1292909940951918
2012,6/30/2012,USD,121271.0,89987.0,6938.0,63040.0,1137.0,15780.0,34294.0,8269.0,10962.0,16622.0,3170.0,13452.0,129759.0,9776.0,56102.0,3092.0,1520.0,54908.0,29847.0,4175.0,20059.0,1231.0,1231.0,30428.0,,11900.0,1231.0,10713.0,11900.0,3151.0,8208.0,66363.0,,566.0,65797.0,8381.0,6/30/2012,USD,56193.0,73723.0,17530.0,17530.0,21763.0,18426.0,9811.0,34430.0,800.0,-380.0,,380.0,-481.0,1.0,2200.0,558.0,22267.0,5289.0,380.0,16978.0,16537.0,22647.0,23205.0,16978.0,6/30/2012,USD,31626.0,437.0,,36657.0,727.0,2758.0,2305.0,1156.0,-184.0,16978.0,-24786.0,-9408.0,0.0,5029.0,5029.0,,6385.0,6385.0,,1913.0,,,-3116.0,,-2672.0,-104.0,16978.0,2.602912384,2.568128977,0.827388756,0.25583533,0.140000495,0.097040899,22321.0,21.7176,2.28356073,9.915829173,8.92590062,9.510410525,2.190195053,2.433099014,Microsoft,5.404400726305703,29.51995984970769,23.02944806912361,60140.0,-13583.0,15383.5,76.16317160180675,4186.0,20.724739904778698,13131.0,0.16518227790776663,82693.0,58888.0,0.13307922900587332
2013,6/30/2013,USD,142431.0,103638.0,3804.0,77022.0,1938.0,17486.0,39256.0,9991.0,12513.0,14655.0,3083.0,14655.0,88786.0,10844.0,73218.0,3388.0,2392.0,63487.0,33823.0,4828.0,22399.0,2999.0,0.0,35780.0,,15600.0,2999.0,12601.0,15600.0,3597.0,10000.0,78944.0,,9895.0,67306.0,8328.0,6/30/2013,USD,57464.0,77849.0,20385.0,20385.0,26764.0,20425.0,10411.0,30700.0,677.0,-429.0,,429.0,-270.0,194.0,2600.0,739.0,27052.0,5189.0,429.0,21863.0,22184.0,27481.0,28220.0,21863.0,6/30/2013,USD,28833.0,580.0,,46094.0,3216.0,3339.0,4257.0,1807.0,802.0,21863.0,-23811.0,-8148.0,0.0,5360.0,5360.0,,7455.0,7455.0,,931.0,,,-4429.0,,-3134.0,-8.0,21863.0,2.711762033,2.659967394,0.804202979,0.27694315,0.153498887,0.110762785,27503.0,31.3352,2.940598907,10.47078097,10.61805974,10.65606055,2.992632555,2.95112297,Microsoft,5.596625205159844,34.37937545761667,28.08385464167812,69815.0,-8034.0,16633.0,77.98488098755283,4501.5,21.105569756836953,15600.0,0.16810163683580995,111526.0,80751.0,0.13373325283561768
2014,6/30/2014,USD,172384.0,120974.0,8669.0,85709.0,2660.0,19544.0,55410.0,13011.0,14793.0,27108.0,6981.0,20127.0,100811.0,14597.0,77040.0,4392.0,3422.0,82600.0,43496.0,7432.0,25158.0,2000.0,2000.0,47485.0,,20600.0,0.0,20645.0,22600.0,6906.0,11594.0,89784.0,,17710.0,68366.0,8239.0,6/30/2014,USD,59755.0,86833.0,27078.0,16681.0,27759.0,20632.0,11381.0,31996.0,883.0,-597.0,,597.0,-199.0,-169.0,3400.0,845.0,27820.0,5746.0,597.0,22074.0,24039.0,28417.0,29262.0,22074.0,6/30/2014,USD,32231.0,780.0,,46887.0,1938.0,4245.0,5485.0,1120.0,161.0,22074.0,-18833.0,-8394.0,500.0,7316.0,7316.0,,8879.0,8879.0,,607.0,,,-6709.0,,4865.0,-139.0,22074.0,2.504021918,2.445720548,0.919985744,0.245856723,0.128051327,0.129874499,28604.0,39.9662,2.968978652,11.67913941,12.07605234,13.46126217,3.422015836,3.309541801,Microsoft,11.540289534868787,31.968260914629234,25.42121082998399,77478.0,-9355.0,18515.0,77.82726613153984,6130.0,25.767277417571663,22600.0,0.20795759873385108,143757.0,102825.0,0.13106768164177213
2015,6/30/2015,USD,174472.0,128392.0,5595.0,96526.0,2902.0,17908.0,48676.0,14731.0,17606.0,21774.0,4835.0,16939.0,108579.0,12053.0,90931.0,5461.0,3117.0,94389.0,50933.0,6591.0,25318.0,7484.0,4985.0,59826.0,,30300.0,2499.0,27808.0,35285.0,6555.0,13544.0,80083.0,,9096.0,68465.0,8027.0,6/30/2015,USD,60542.0,93580.0,33038.0,21410.0,18161.0,20324.0,12046.0,42381.0,766.0,-781.0,,781.0,-88.0,-267.0,4100.0,1300.0,18507.0,6314.0,781.0,12193.0,11007.0,19288.0,20588.0,12193.0,6/30/2015,USD,46203.0,2043.0,,44993.0,-1592.0,5400.0,5944.0,-1456.0,272.0,12193.0,-23001.0,-9080.0,4481.0,14443.0,14443.0,,9882.0,9882.0,,634.0,,,-13809.0,,-3074.0,-73.0,12193.0,2.47340222,2.414949544,1.178639661,0.152254536,0.069885139,0.144336522,19461.0,49.0369,1.639972669,12.58661875,10.77125656,29.90104708,3.89595498,4.552570047,Microsoft,7.7700874091647165,19.406924556529173,13.029493481513143,77459.0,-16121.0,18726.0,73.03900406069674,7011.5,27.34769715751229,35285.0,0.312682771210322,189960.0,115018.0,0.12872408634323573
2016,6/30/2016,USD,193468.0,146170.0,6510.0,113240.0,2251.0,18277.0,54034.0,18356.0,19800.0,21605.0,3733.0,17872.0,123646.0,10431.0,106730.0,5892.0,3416.0,121471.0,38655.0,6898.0,,12904.0,12904.0,74140.0,,40600.0,0.0,40557.0,53504.0,5949.0,13640.0,83090.0,,2282.0,68178.0,7808.0,6/30/2016,USD,58374.0,91154.0,32780.0,32780.0,26078.0,19260.0,11988.0,33357.0,903.0,-1243.0,78.0,1243.0,-564.0,-195.0,4900.0,978.0,25639.0,5100.0,1243.0,16798.0,19811.0,26882.0,27860.0,20539.0,6/30/2016,USD,33325.0,1678.0,,56134.0,1138.0,5878.0,8343.0,530.0,-600.0,16798.0,-23950.0,-8393.0,7195.0,15969.0,15969.0,,11006.0,11006.0,,668.0,,,-15301.0,,915.0,-67.0,20539.0,2.352881716,2.31495864,1.461920809,0.247189794,0.106162259,0.161430373,27056.0,56.4252,2.762519368,12.26031893,11.17570156,20.42526856,4.602262007,5.048917932,Microsoft,-2.5924342808292367,28.608728086534875,18.42815455163789,107515.0,16361.0,18092.5,72.44621739035038,6744.5,27.006412225464597,53504.0,0.4316091768577974,223285.0,135557.0,0.13151370208657875
2017,6/30/2017,USD,250312.0,167720.0,7663.0,132981.0,2181.0,19792.0,81235.0,23734.0,24179.0,45228.0,10106.0,35122.0,139004.0,6023.0,125318.0,5103.0,6076.0,162601.0,60923.0,7390.0,26656.0,10121.0,9072.0,117665.0,,77100.0,1049.0,76073.0,86172.0,7684.0,3549.0,87711.0,,17769.0,69315.0,7708.0,6/30/2017,USD,62310.0,96571.0,34261.0,34261.0,29025.0,20020.0,13037.0,35063.0,1387.0,-2222.0,1182.0,2222.0,-674.0,-251.0,6100.0,1700.0,29901.0,4412.0,2222.0,21204.0,24322.0,32123.0,33823.0,25489.0,6/30/2017,USD,39507.0,2068.0,,69711.0,348.0,7800.0,8129.0,925.0,-50.0,21204.0,-46781.0,8408.0,-4963.0,11788.0,11788.0,,11845.0,11845.0,,772.0,,,-11016.0,,1153.0,19.0,25489.0,2.918575657,2.879451072,1.853826772,0.290602091,0.101828918,0.170886532,30725.0,79.3998,3.428300121,12.98891172,11.79723143,23.16010769,6.112890878,6.730375723,Microsoft,5.942690392083727,30.055606755651283,21.95690217560137,106797.0,10226.0,19034.5,71.94284516055545,7144.0,27.00148077580226,86172.0,0.4973680565175232,262792.0,161046.0,0.13499911981857907
2018,6/30/2018,USD,258848.0,181608.0,11946.0,133768.0,2662.0,26481.0,84300.0,29460.0,29223.0,43736.0,8053.0,35683.0,129579.0,1862.0,121822.0,6751.0,7442.0,176130.0,21359.0,8617.0,,3998.0,0.0,112074.0,5568.0,76200.0,3998.0,72242.0,76200.0,8744.0,5211.0,82718.0,,13682.0,71223.0,7677.0,6/30/2018,USD,72007.0,107222.0,62776.0,38353.0,35058.0,22223.0,14726.0,39149.0,2214.0,-2733.0,1522.0,2733.0,109955.0,-59.0,7700.0,2200.0,36474.0,19903.0,2733.0,16571.0,13715.0,39207.0,41407.0,16571.0,6/30/2018,USD,43884.0,1697.0,,26031.0,5564.0,9900.0,11632.0,3862.0,465.0,16571.0,-6061.0,-33590.0,-7324.0,10721.0,10721.0,,12699.0,12699.0,,1002.0,,,-9719.0,,4283.0,50.0,16571.0,2.900800164,2.855286555,2.129282623,0.200331246,0.064018266,0.178299145,37258.0,95.9142,2.228818757,14.4214836,11.12566713,43.03364717,6.650785914,8.620984155,Microsoft,11.029190957948032,32.696648075954556,15.45485068362836,160249.0,53027.0,23136.5,78.76016582417788,8003.5,27.24513159612766,76200.0,0.4729834579932342,306676.0,177617.0,0.13734121728749696
2019,6/30/2019,USD,286556.0,186908.0,11356.0,133819.0,2063.0,29524.0,105825.0,36477.0,35330.0,49776.0,7750.0,42026.0,129789.0,2649.0,122463.0,10146.0,14723.0,184226.0,98661.0,9382.0,74412.0,5516.0,0.0,108618.0,6188.0,72178.0,5516.0,66662.0,72200.0,9351.0,7581.0,102330.0,,24150.0,78520.0,7643.0,6/30/2019,USD,82933.0,123495.0,67908.0,42910.0,42959.0,23098.0,16876.0,41874.0,2762.0,-2686.0,812.0,2686.0,126181.0,-57.0,9700.0,1900.0,43688.0,4448.0,2686.0,39240.0,41154.0,46374.0,48274.0,39240.0,6/30/2019,USD,52185.0,1917.0,,9633.0,5767.0,11600.0,13925.0,2812.0,-597.0,39240.0,-15773.0,-36887.0,0.0,19543.0,19543.0,,13811.0,13811.0,,1142.0,,,-18401.0,,-590.0,-115.0,39240.0,2.528838951,2.499121291,1.800312714,0.383465259,0.136936585,0.175891493,44859.0,151.1327,5.2778256,16.61022101,13.76350392,28.63541,9.098777186,10.98068493,Microsoft,15.176922646471812,34.78602372565691,31.7745657718936,88247.0,-35248.0,28002.5,82.76377586137092,8999.5,26.598789424673065,72178.0,0.41280426427525624,358861.0,216857.0,0.13665330580185434
2020,6/30/2020,USD,301311.0,195491.0,13576.0,136527.0,1895.0,32011.0,122096.0,44151.0,43197.0,50389.0,7038.0,43351.0,130044.0,2965.0,122951.0,11482.0,13138.0,183007.0,108415.0,12530.0,78360.0,3749.0,3749.0,110697.0,7671.0,63327.0,3749.0,59578.0,63327.0,10027.0,10632.0,118304.0,,34566.0,80552.0,7571.0,6/30/2020,USD,96937.0,140503.0,73159.0,46078.0,52959.0,24709.0,19269.0,46350.0,2680.0,-2591.0,2680.0,2591.0,143094.0,-40.0,10700.0,2211.0,53036.0,8755.0,2591.0,44281.0,47807.0,55627.0,57838.0,44281.0,6/30/2020,USD,60675.0,2165.0,,4293.0,5776.0,12911.0,15441.0,2577.0,-168.0,44281.0,-12223.0,-46031.0,0.0,22968.0,22968.0,,15137.0,15137.0,,1343.0,,,-21625.0,,2220.0,-201.0,44281.0,2.515765454,2.489558844,1.54692149,0.374298418,0.146961113,0.18791588,55170.0,215.4163,5.955845959,18.89781678,15.91202548,36.16888373,11.39900458,13.53795595,Microsoft,13.772217498684158,37.69243361351715,31.516053038013425,87076.0,-53427.0,30767.5,79.92809762069136,10956.0,28.461598684725594,67076.0,0.36815701944081586,419536.0,261138.0,0.13714297915347004
2021,6/30/2021,USD,333779.0,199595.0,14224.0,130334.0,2636.0,39008.0,152773.0,59715.0,51351.0,57511.0,7800.0,49711.0,122266.0,5984.0,116110.0,13393.0,15075.0,191791.0,131255.0,15163.0,88282.0,8072.0,8072.0,103134.0,9629.0,58146.0,8072.0,50074.0,58146.0,11666.0,13427.0,141988.0,,57055.0,83111.0,7519.0,6/30/2021,USD,115856.0,165936.0,79977.0,52232.0,69916.0,25224.0,20716.0,48461.0,2131.0,-2346.0,2131.0,2346.0,168282.0,98.0,9300.0,2521.0,71102.0,9831.0,2346.0,61271.0,59897.0,73448.0,75969.0,61271.0,6/30/2021,USD,76740.0,2438.0,,10673.0,11609.0,11821.0,20622.0,6481.0,737.0,61271.0,-27577.0,-48486.0,,27385.0,27385.0,,16521.0,16521.0,,1693.0,,,-25692.0,,648.0,-29.0,61271.0,2.079993684,2.050261119,1.350754993,0.431522382,0.18356757,0.198782351,72437.0,328.4584,8.241020702,22.31858483,19.097551,39.85651922,14.71681123,17.19898012,Microsoft,18.10139285282164,42.134316845048694,36.92447690675923,68340.0,-97596.0,35509.5,78.10823148683829,13846.5,30.457360066531674,66218.0,0.32084851538878983,496276.0,322409.0,0.12484331308456273
2022,6/30/2022,USD,364840.0,184615.0,13931.0,104757.0,3742.0,45261.0,198956.0,74398.0,59660.0,78822.0,11298.0,67524.0,95583.0,6891.0,90826.0,16924.0,21897.0,198298.0,134381.0,19000.0,96816.0,2749.0,2749.0,103216.0,11489.0,49781.0,2749.0,47032.0,49781.0,13067.0,15526.0,166542.0,,84281.0,86939.0,7464.0,6/30/2022,USD,135620.0,196109.0,93355.0,62650.0,83383.0,27725.0,24512.0,55217.0,2094.0,-2063.0,2094.0,2063.0,198172.0,-32.0,12600.0,2980.0,83716.0,10978.0,2063.0,72738.0,66238.0,85779.0,88759.0,72738.0,6/30/2022,USD,89035.0,2797.0,,11917.0,11471.0,15580.0,23886.0,6834.0,1123.0,72738.0,-30311.0,-58876.0,,32696.0,32696.0,,18135.0,18135.0,,1841.0,,,-30855.0,,-152.0,,72738.0,1.784606971,1.745251467,1.190678628,0.436754693,0.199369587,0.208594532,86363.0,236.4356,9.783345528,26.3768884,22.40009254,24.16715216,8.963741153,10.55511711,Microsoft,18.183516536495993,42.51870133446196,37.090597575837926,50234.0,-145875.0,42134.5,78.42114589335523,17081.5,31.79225583731496,52530.0,0.2347709497206704,585311.0,395147.0,0.12499171379181985
2023,6/30/2023,USD,411976.0,218961.0,34704.0,111262.0,2500.0,48688.0,232219.0,95641.0,68251.0,77252.0,9366.0,67886.0,95599.0,9879.0,76558.0,21807.0,30601.0,205753.0,145713.0,18095.0,107626.0,5247.0,0.0,101604.0,12728.0,47237.0,5247.0,41990.0,47237.0,14745.0,17981.0,206223.0,,118848.0,93718.0,7432.0,6/30/2023,USD,146052.0,209747.0,100049.0,65863.0,88523.0,30334.0,27195.0,61381.0,2994.0,-1968.0,1041.0,1968.0,211715.0,-223.0,11000.0,3852.0,89311.0,16950.0,1968.0,72361.0,70696.0,91279.0,95131.0,72361.0,6/30/2023,USD,87582.0,3207.0,,5281.0,7669.0,14852.0,28107.0,4087.0,-1242.0,72361.0,-22680.0,-43935.0,,22245.0,22245.0,,19800.0,19800.0,,1866.0,,,-20379.0,,,,72361.0,1.769167251,1.74516318,0.997720914,0.350887146,0.175643727,0.211272114,92375.0,374.022,9.73263859,28.21121524,27.73723315,38.42966083,13.25791877,13.48447403,Microsoft,6.954295825280843,42.20465608566511,34.49918234825766,73248.0,-136499.0,46974.5,81.74463758718836,18547.5,32.27620657268042,47237.0,0.18181853173365972,672893.0,467508.0,0.1296562048563269
2012,12/31/2012,USD,15103.0,13200.0,2384.0,9626.0,0.0,719.0,3836.0,2391.0,882.0,1388.0,801.0,587.0,7242.0,,7242.0,471.0,57.0,3348.0,1395.0,65.0,8.0,365.0,365.0,2296.0,491.0,1500.0,365.0,1500.0,1500.0,592.0,305.0,11755.0,,1659.0,0.0,2372.0,12/31/2012,USD,3725.0,5089.0,1364.0,1364.0,538.0,1788.0,1399.0,3316.0,14.0,-51.0,,51.0,-9.0,2.0,566.0,78.0,494.0,441.0,51.0,53.0,61.0,545.0,623.0,53.0,12/31/2012,USD,1612.0,1071.0,131.0,144.0,633.0,649.0,1235.0,621.0,-262.0,53.0,-7024.0,6283.0,,,,,,0.0,,6760.0,,,6777.0,,872.0,1.0,53.0,10.71007605,10.71007605,0.284814972,0.00450872,0.003509237,,616.0,26.5401,0.024311927,2.33440367,5.392201835,1091.649396,11.36911338,4.921941131,Meta,,10.571821575948123,1.0414619768127333,11805.0,6716.0,,,,,1865.0,0.529228149829739,1612.0,53.0,0.2749066614266064
2013,12/31/2013,USD,17895.0,16342.0,3323.0,11449.0,0.0,1109.0,4825.0,2882.0,1260.0,1722.0,883.0,839.0,4704.0,,8126.0,461.0,221.0,2425.0,1314.0,87.0,13.0,239.0,239.0,2211.0,237.0,237.0,239.0,0.0,476.0,736.0,1088.0,15470.0,,3159.0,0.0,2456.0,12/31/2013,USD,5997.0,7872.0,1875.0,1875.0,2804.0,1778.0,1415.0,3450.0,19.0,-56.0,19.0,56.0,-70.0,1.0,857.0,145.0,2754.0,1254.0,56.0,1500.0,1512.0,2810.0,2955.0,1500.0,12/31/2013,USD,4222.0,729.0,421.0,829.0,165.0,1011.0,1362.0,-22.0,1020.0,1500.0,-2624.0,-667.0,,,,,,0.0,,1478.0,,,1504.0,,939.0,8.0,1500.0,11.88181818,11.88181818,0.15675501,0.096961862,0.083822297,,2949.0,54.4855,0.688073394,3.611009174,7.096330275,79.18559333,15.08871824,7.677982547,Meta,54.68657889565729,35.61991869918699,19.054878048780488,15028.0,7156.0,914.0,42.37931910569106,76.0,3.5238821138211383,476.0,0.130949105914718,5834.0,1553.0,0.1797510162601626
2014,12/31/2014,USD,39966.0,17985.0,4315.0,11199.0,0.0,1678.0,26514.0,3967.0,1817.0,21910.0,3929.0,17981.0,3422.0,,6884.0,793.0,699.0,3870.0,1510.0,176.0,38.0,114.0,114.0,4841.0,119.0,119.0,114.0,,233.0,1068.0,2327.0,36096.0,,6099.0,0.0,2761.0,12/31/2014,USD,10313.0,12466.0,2153.0,2153.0,4994.0,2653.0,2666.0,5657.0,27.0,-23.0,27.0,23.0,-87.0,-1.0,923.0,319.0,4910.0,1970.0,23.0,2940.0,2698.0,4933.0,5252.0,2940.0,12/31/2014,USD,7326.0,2067.0,6.0,715.0,949.0,1243.0,1831.0,610.0,307.0,2940.0,-5913.0,-298.0,,,,,,0.0,,0.0,,,18.0,,992.0,-123.0,2940.0,9.403089888,9.403089888,0.107214096,0.081449468,0.073562528,,5313.0,77.7866,1.348623853,5.718348624,16.55779817,57.67849932,13.60298315,4.69788309,Meta,58.35873983739837,40.06096582704958,23.58414888496711,16475.0,4009.0,1393.5,40.80117920744425,131.5,3.8502727418578533,233.0,0.036797220467466835,13160.0,4493.0,0.21386170383442965
2015,12/31/2015,USD,49407.0,26559.0,4907.0,18434.0,0.0,2559.0,27755.0,5687.0,2132.0,21272.0,3246.0,18026.0,5029.0,,13527.0,659.0,796.0,5189.0,2105.0,196.0,28.0,208.0,7.0,6152.0,107.0,201.0,201.0,,201.0,1666.0,3157.0,44218.0,,9787.0,0.0,2824.0,12/31/2015,USD,15061.0,17928.0,2867.0,2867.0,6225.0,4020.0,4816.0,9610.0,52.0,-23.0,52.0,23.0,-66.0,6.0,1220.0,730.0,6194.0,2506.0,23.0,3688.0,3461.0,6217.0,6947.0,3688.0,12/31/2015,USD,10320.0,2004.0,3.0,1887.0,1120.0,1945.0,2523.0,973.0,1748.0,3688.0,-9434.0,-139.0,,0.0,0.0,,,0.0,,0.0,,,-20.0,,592.0,-155.0,3688.0,11.24779221,11.24779221,0.1173504,0.083404948,0.074645293,,6955.0,104.3469,1.691743119,8.223853211,20.28348624,61.680109,12.68832229,5.144426297,Meta,43.81517728220761,34.72222222222222,20.57117358322178,24454.0,6526.0,2118.5,43.13099620705042,186.0,3.786813922356091,208.0,0.0208104052026013,23480.0,8181.0,0.2686300758589915
2016,12/31/2016,USD,64961.0,43304.0,8903.0,29449.0,0.0,3993.0,30560.0,8591.0,3212.0,20657.0,2535.0,18122.0,20546.0,,20546.0,959.0,1312.0,5767.0,4094.0,302.0,62.0,,1247.0,5323.0,,112.0,280.0,,,2483.0,2892.0,59194.0,,21670.0,0.0,2881.0,12/31/2016,USD,23849.0,27638.0,3789.0,3789.0,12427.0,5503.0,5919.0,12239.0,176.0,-10.0,176.0,10.0,-76.0,1.0,1590.0,751.0,12518.0,2301.0,10.0,10217.0,9969.0,12528.0,13279.0,10217.0,12/31/2016,USD,16108.0,11.0,,2325.0,1634.0,2342.0,4491.0,1489.0,2198.0,10217.0,-11792.0,-310.0,0.0,0.0,0.0,,,0.0,,,,,-6.0,,3996.0,-63.0,10217.0,11.96556522,11.96556522,0.097425415,0.172601953,0.157278983,,13178.0,114.7058,4.686697248,12.67798165,27.15321101,24.47476206,9.047638903,4.224391729,Meta,54.16108879964301,44.96345611115131,36.967219046240686,39210.0,11572.0,3276.0,43.26434619002822,249.0,3.288407265359288,1359.0,0.05901254939424204,39588.0,18398.0,0.21416166148057023
2017,12/31/2017,USD,84524.0,56642.0,8079.0,41711.0,0.0,5832.0,35961.0,13721.0,4616.0,20105.0,1884.0,18221.0,33632.0,,33632.0,1020.0,2135.0,10177.0,5811.0,380.0,68.0,,2081.0,6417.0,,72.0,390.0,,72.0,3282.0,6417.0,74347.0,,33990.0,0.0,2910.0,12/31/2017,USD,35199.0,40653.0,5454.0,5454.0,20203.0,7242.0,7754.0,15736.0,398.0,-6.0,398.0,6.0,-6.0,5.0,2330.0,692.0,20594.0,4660.0,6.0,15934.0,16410.0,20600.0,21292.0,15934.0,12/31/2017,USD,24216.0,0.0,,3439.0,1647.0,3025.0,6733.0,1609.0,3449.0,15934.0,-20118.0,-5235.0,0.0,1976.0,1976.0,,,0.0,,,,,-1976.0,,-824.0,233.0,15934.0,12.91569149,12.91569149,0.136885147,0.21431934,0.188514505,,20895.0,175.9321,7.309174312,18.64816514,34.10412844,24.07003753,9.434284751,5.158674567,Meta,47.09096171937188,49.69620938184144,39.195139350109464,50831.0,10178.0,4912.5,44.10652350380046,341.0,3.061643667134037,2153.0,0.059568934510140274,63804.0,34332.0,0.19073623102846038
2018,12/31/2018,USD,97334.0,60499.0,10019.0,41114.0,0.0,7587.0,46854.0,24683.0,6890.0,19595.0,1294.0,18301.0,62190.0,,31095.0,1779.0,2576.0,13207.0,7134.0,820.0,264.0,,500.0,6190.0,418.0,,500.0,,500.0,5550.0,6190.0,84127.0,,41981.0,0.0,2875.0,12/31/2018,USD,46261.0,55616.0,9355.0,9355.0,24913.0,11297.0,10273.0,22287.0,661.0,-9.0,661.0,9.0,55625.0,9.0,3680.0,640.0,25361.0,3249.0,9.0,22112.0,21610.0,25370.0,26010.0,22112.0,12/31/2018,USD,29274.0,1.0,,1057.0,2741.0,4315.0,13915.0,1892.0,91.0,22112.0,-11603.0,-15572.0,500.0,12879.0,12879.0,,,0.0,,,,,-12879.0,,2099.0,,22112.0,7.193957532,7.193957532,0.156988838,0.262840705,0.227176526,,25553.0,130.6978,10.14311927,25.51192661,38.59036697,12.88536559,5.123007839,3.386798578,Meta,36.80663173689518,44.79466340621404,39.758342922899885,53365.0,-2251.0,6709.5,44.033506544879174,600.0,3.937715765247411,,,93078.0,56444.0,0.18471303222094362
2019,12/31/2019,USD,133376.0,85304.0,19079.0,54855.0,0.0,9518.0,31828.0,35323.0,10663.0,19609.0,894.0,18715.0,71552.0,,35776.0,1852.0,2673.0,32322.0,16142.0,1363.0,503.0,855.0,800.0,18308.0,418.0,,800.0,,10324.0,12621.0,7745.0,101054.0,,55692.0,0.0,2851.0,12/31/2019,USD,57802.0,70572.0,12770.0,12770.0,23986.0,20341.0,13600.0,34698.0,924.0,-20.0,924.0,20.0,70592.0,27.0,5180.0,757.0,24812.0,6327.0,20.0,18485.0,18756.0,24832.0,25589.0,18485.0,12/31/2019,USD,36314.0,914.0,,9123.0,1873.0,5741.0,15102.0,1961.0,8975.0,18485.0,-19864.0,-7299.0,-223.0,4202.0,4202.0,,2337.0,2337.0,,,,,-4202.0,,9151.0,,18485.0,4.399455258,4.399455258,0.319848794,0.182922002,0.13859315,inf,24743.0,204.636,8.479357798,32.37247706,46.35504587,24.13343143,6.321295698,4.414535595,Meta,26.891542002301506,33.987983902964345,26.193107748115402,69162.0,-1410.0,8552.5,44.2337258402766,1091.5,5.645262993821912,,,129392.0,74929.0,0.19271099019441137
2020,12/31/2020,USD,159316.0,93246.0,17576.0,61954.0,0.0,11335.0,31779.0,45633.0,,19673.0,623.0,19050.0,88756.0,62.0,44378.0,2381.0,2758.0,31026.0,15370.0,1331.0,717.0,54.0,1023.0,21539.0,469.0,,,,10654.0,12245.0,6414.0,128290.0,,77345.0,0.0,2854.0,12/31/2020,USD,69130.0,85822.0,16692.0,16692.0,32671.0,18155.0,18447.0,37334.0,,-14.0,672.0,14.0,85836.0,-34.0,6390.0,732.0,33180.0,4034.0,14.0,29146.0,30562.0,32671.0,33926.0,29146.0,12/31/2020,USD,38747.0,1222.0,,-1312.0,1411.0,6862.0,15115.0,1512.0,-1302.0,29146.0,-30059.0,-10292.0,24.0,6272.0,6272.0,,,0.0,,,0.0,,-6272.0,,-1604.0,,29146.0,5.051064682,5.051064682,0.2418427,0.227188401,0.182944588,,33403.0,272.3428,13.36972477,39.36788991,58.84862385,20.37011267,6.917891729,4.627853332,Meta,21.609136768123328,38.06832746848128,33.96098902379343,77876.0,-7946.0,10426.5,44.34378714082636,1347.0,5.7287758383631235,,,168139.0,104075.0,0.21494488592668545
2021,12/31/2021,USD,165987.0,83267.0,16601.0,47998.0,0.0,14039.0,34771.0,57809.0,,19831.0,634.0,19197.0,62828.0,34.0,31397.0,4629.0,2751.0,41108.0,22814.0,5135.0,1113.0,75.0,1127.0,26417.0,506.0,,,0.0,13873.0,15364.0,7227.0,124879.0,,69761.0,0.0,2764.0,12/31/2021,USD,95125.0,117774.0,22649.0,22649.0,46753.0,23872.0,24655.0,49278.0,,-15.0,484.0,15.0,117789.0,210.0,7560.0,751.0,47284.0,7914.0,15.0,39370.0,37750.0,46753.0,48050.0,39370.0,12/31/2021,USD,57683.0,1421.0,,5909.0,5209.0,7967.0,18567.0,3110.0,2187.0,39370.0,-7570.0,-50728.0,14.0,44537.0,44537.0,,,0.0,,,0.0,,-44537.0,,-615.0,,39370.0,3.154293825,3.154293825,0.329182649,0.315265177,0.23718725,,47504.0,335.3438,18.05963303,54.02477064,57.28394495,18.56869403,6.20722302,5.854062605,Meta,37.230546946004516,39.697216703177276,33.42843072324961,60453.0,-57321.0,12687.0,39.31899230730042,3233.0,10.019571382478306,,,225822.0,143445.0,0.20934162039159745
2022,12/31/2022,USD,185727.0,74255.0,14681.0,40763.0,0.0,13466.0,40476.0,79518.0,,21203.0,897.0,20306.0,52106.0,17.0,26082.0,5345.0,6583.0,60014.0,22150.0,6107.0,1008.0,129.0,10000.0,40191.0,558.0,9923.0,,9923.0,19923.0,4906.0,7764.0,125713.0,,64799.0,0.0,2639.0,12/31/2022,USD,91103.0,116352.0,25249.0,25249.0,28944.0,27078.0,35338.0,62981.0,461.0,-176.0,9.0,185.0,116528.0,-320.0,8500.0,565.0,28819.0,5619.0,176.0,23200.0,20363.0,28944.0,29560.0,23200.0,12/31/2022,USD,50475.0,1670.0,,5396.0,-287.0,8686.0,31431.0,-231.0,,23200.0,-28970.0,-22136.0,,27956.0,27956.0,,,0.0,,,9921.0,,-27956.0,,-631.0,,23200.0,2.203396729,2.203396729,0.477388973,0.184547342,0.124914525,,29509.0,119.98,10.64220183,53.37247706,57.66651376,11.27398276,2.24797511,2.080583551,Meta,-1.2073972184013404,24.876237623762375,19.93949394939494,52105.0,-64247.0,13752.5,43.14203881325633,5621.0,17.63325941969197,19923.0,0.23515733811760817,276297.0,166645.0,0.3037163091309131
2023,12/31/2023,USD,229623.0,127227.0,41862.0,65403.0,0.0,16169.0,41588.0,96587.0,,21442.0,788.0,20654.0,47140.0,58.0,23541.0,3793.0,7582.0,76455.0,14232.0,5712.0,1301.0,90.0,1623.0,52609.0,600.0,18385.0,,18385.0,18385.0,5506.0,1370.0,153168.0,,82070.0,0.0,2565.0,12/31/2023,USD,108131.0,134090.0,25959.0,25959.0,46751.0,23709.0,38483.0,65134.0,1639.0,-446.0,1639.0,446.0,134536.0,-150.0,11020.0,510.0,47428.0,8330.0,446.0,39098.0,40473.0,47874.0,48384.0,39098.0,12/31/2023,USD,71113.0,2701.0,,5756.0,1920.0,11178.0,27266.0,2399.0,,39098.0,-24495.0,-19500.0,,19774.0,19774.0,,,0.0,,,8455.0,,-19774.0,,,,39098.0,2.670994994,2.670994994,0.499157788,0.255262196,0.1702704,,47261.0,352.9011,17.93486239,61.50917431,70.26055046,19.67682229,5.737373391,5.022748864,Meta,15.245118261826175,34.86538891789097,29.15802819002163,112995.0,-21095.0,14817.5,40.334010739055856,5909.5,16.08596837944664,20008.0,0.19600697505828876,347410.0,205743.0,0.2869938101275263
